datetime,Mhb dist,Thresh,Anomaly
2015-01-02 01:00:00,1.9062594504772874,3.6513724695412395,False
2015-01-02 11:00:00,1.8286950167328038,3.6513724695412395,False
2015-01-02 21:00:00,1.7402059832143344,3.6513724695412395,False
2015-01-03 07:00:00,1.702578192712912,3.6513724695412395,False
2015-01-03 17:00:00,1.7888865181745217,3.6513724695412395,False
2015-01-04 03:00:00,1.7117448512178297,3.6513724695412395,False
2015-01-04 13:00:00,1.6677812254965552,3.6513724695412395,False
2015-01-04 23:00:00,1.7106887161713464,3.6513724695412395,False
2015-01-05 09:00:00,1.6499023661309598,3.6513724695412395,False
2015-01-05 19:00:00,1.9016079995038533,3.6513724695412395,False
2015-01-06 05:00:00,2.0485212669769193,3.6513724695412395,False
2015-01-06 15:00:00,1.8830698511278856,3.6513724695412395,False
2015-01-07 01:00:00,1.6303811261703312,3.6513724695412395,False
2015-01-07 11:00:00,1.6215392244126923,3.6513724695412395,False
2015-01-07 21:00:00,1.6006858340297552,3.6513724695412395,False
2015-01-08 07:00:00,1.5825140402490987,3.6513724695412395,False
2015-01-08 17:00:00,1.8394582478894204,3.6513724695412395,False
2015-01-09 03:00:00,1.702847325807909,3.6513724695412395,False
2015-01-09 13:00:00,1.6718107728210032,3.6513724695412395,False
2015-01-09 23:00:00,1.6911874874793458,3.6513724695412395,False
2015-01-10 09:00:00,1.5355235035590407,3.6513724695412395,False
2015-01-10 19:00:00,1.6885109089061843,3.6513724695412395,False
2015-01-11 05:00:00,1.5519980914053042,3.6513724695412395,False
2015-01-11 15:00:00,1.7303320187425246,3.6513724695412395,False
2015-01-12 01:00:00,1.5263797870670932,3.6513724695412395,False
2015-01-12 11:00:00,1.8629855313294272,3.6513724695412395,False
2015-01-12 21:00:00,1.5001827674882677,3.6513724695412395,False
2015-01-13 07:00:00,1.7816973483066305,3.6513724695412395,False
2015-01-13 17:00:00,1.4584672103691485,3.6513724695412395,False
2015-01-14 03:00:00,1.4496654658528205,3.6513724695412395,False
2015-01-14 13:00:00,1.7029917107397985,3.6513724695412395,False
2015-01-14 23:00:00,1.6494457872118353,3.6513724695412395,False
2015-01-15 09:00:00,1.4722260801399212,3.6513724695412395,False
2015-01-15 19:00:00,1.462543129781999,3.6513724695412395,False
2015-01-16 05:00:00,1.4092601247834644,3.6513724695412395,False
2015-01-16 15:00:00,1.5030058661572616,3.6513724695412395,False
2015-01-17 01:00:00,1.4156564626484613,3.6513724695412395,False
2015-01-17 11:00:00,1.381911765214526,3.6513724695412395,False
2015-01-17 21:00:00,1.4613159547614452,3.6513724695412395,False
2015-01-18 07:00:00,1.5940322280861523,3.6513724695412395,False
2015-01-18 17:00:00,1.359732173988921,3.6513724695412395,False
2015-01-19 03:00:00,1.343910670963914,3.6513724695412395,False
2015-01-19 13:00:00,1.7191738511127101,3.6513724695412395,False
2015-01-19 23:00:00,1.340198275460422,3.6513724695412395,False
2015-01-20 09:00:00,1.3813670152931647,3.6513724695412395,False
2015-01-20 19:00:00,1.3588121377402211,3.6513724695412395,False
2015-01-21 05:00:00,1.4493164238629996,3.6513724695412395,False
2015-01-21 15:00:00,1.2995999950667614,3.6513724695412395,False
2015-01-22 01:00:00,1.7695871362901971,3.6513724695412395,False
2015-01-22 11:00:00,1.8480057720114458,3.6513724695412395,False
2015-01-22 21:00:00,1.2577797781282032,3.6513724695412395,False
2015-01-23 07:00:00,1.250905561567016,3.6513724695412395,False
2015-01-23 17:00:00,1.325415041144877,3.6513724695412395,False
2015-01-24 03:00:00,1.2515873231674473,3.6513724695412395,False
2015-01-24 13:00:00,1.325454252277845,3.6513724695412395,False
2015-01-24 23:00:00,1.379391620622781,3.6513724695412395,False
2015-01-25 09:00:00,1.2702586932383455,3.6513724695412395,False
2015-01-25 19:00:00,1.4484673914953616,3.6513724695412395,False
2015-01-26 05:00:00,1.675038232049604,3.6513724695412395,False
2015-01-26 15:00:00,1.1661183621413074,3.6513724695412395,False
2015-01-27 01:00:00,1.2251484990252208,3.6513724695412395,False
2015-01-27 11:00:00,1.276718803994964,3.6513724695412395,False
2015-01-27 21:00:00,1.1441658578106748,3.6513724695412395,False
2015-01-28 07:00:00,1.6665018246331422,3.6513724695412395,False
2015-01-28 17:00:00,1.116563468317608,3.6513724695412395,False
2015-01-29 03:00:00,1.4314944519877508,3.6513724695412395,False
2015-01-29 13:00:00,1.1341238742061885,3.6513724695412395,False
2015-01-29 23:00:00,1.4092728669404242,3.6513724695412395,False
2015-01-30 09:00:00,1.1513479994926725,3.6513724695412395,False
2015-01-30 19:00:00,1.4843838045971705,3.6513724695412395,False
2015-01-31 05:00:00,1.7982561943135524,3.6513724695412395,False
2015-01-31 15:00:00,1.6243123899845422,3.6513724695412395,False
2015-02-01 01:00:00,1.0399133686720934,3.6513724695412395,False
2015-02-01 11:00:00,1.029832394041566,3.6513724695412395,False
2015-02-01 21:00:00,1.4645314892338268,3.6513724695412395,False
2015-02-02 07:00:00,1.6723715899137062,3.6513724695412395,False
2015-02-02 17:00:00,1.0062954105240307,3.6513724695412395,False
2015-02-03 03:00:00,1.0554229155320818,3.6513724695412395,False
2015-02-03 13:00:00,1.2221349495839484,3.6513724695412395,False
2015-02-03 23:00:00,1.3902643514095991,3.6513724695412395,False
2015-02-04 09:00:00,0.96218531946436,3.6513724695412395,False
2015-02-04 19:00:00,0.9533374665002137,3.6513724695412395,False
2015-02-05 05:00:00,0.9463338824936611,3.6513724695412395,False
2015-02-05 15:00:00,1.0382585171191911,3.6513724695412395,False
2015-02-06 01:00:00,0.965259549998812,3.6513724695412395,False
2015-02-06 11:00:00,0.9774074880576779,3.6513724695412395,False
2015-02-06 21:00:00,0.914056529790881,3.6513724695412395,False
2015-02-07 07:00:00,1.5709702068920093,3.6513724695412395,False
2015-02-07 17:00:00,1.1288277446159842,3.6513724695412395,False
2015-02-08 03:00:00,0.9620139750170222,3.6513724695412395,False
2015-02-08 13:00:00,0.9670408542793663,3.6513724695412395,False
2015-02-08 23:00:00,0.961055496332301,3.6513724695412395,False
2015-02-09 09:00:00,1.5916245035156975,3.6513724695412395,False
2015-02-09 19:00:00,1.2160741167541294,3.6513724695412395,False
2015-02-10 05:00:00,0.8360408467139451,3.6513724695412395,False
2015-02-10 15:00:00,1.2953936106470845,3.6513724695412395,False
2015-02-11 01:00:00,1.1856898670627136,3.6513724695412395,False
2015-02-11 11:00:00,0.8032591461406308,3.6513724695412395,False
2015-02-11 21:00:00,0.982860562479164,3.6513724695412395,False
2015-02-12 07:00:00,1.3081396344579026,3.6513724695412395,False
2015-02-12 17:00:00,0.8781510032326028,3.6513724695412395,False
2015-02-13 03:00:00,0.8293954868262406,3.6513724695412395,False
2015-02-13 13:00:00,0.7772340362302221,3.6513724695412395,False
2015-02-13 23:00:00,0.8240630005837277,3.6513724695412395,False
2015-02-14 09:00:00,1.1865452102255574,3.6513724695412395,False
2015-02-14 19:00:00,0.8780471992298383,3.6513724695412395,False
2015-02-15 05:00:00,0.7262279625445351,3.6513724695412395,False
2015-02-15 15:00:00,0.730329693647304,3.6513724695412395,False
2015-02-16 01:00:00,0.735413388013831,3.6513724695412395,False
2015-02-16 11:00:00,0.731485978525713,3.6513724695412395,False
2015-02-16 21:00:00,1.0735094884530898,3.6513724695412395,False
2015-02-17 07:00:00,1.040283561783512,3.6513724695412395,False
2015-02-17 17:00:00,1.2319409792422735,3.6513724695412395,False
2015-02-18 03:00:00,1.1954218637002663,3.6513724695412395,False
2015-02-18 13:00:00,0.803659412040997,3.6513724695412395,False
2015-02-18 23:00:00,0.8807674417963456,3.6513724695412395,False
2015-02-19 09:00:00,0.8048595491108401,3.6513724695412395,False
2015-02-19 19:00:00,0.8498688332796225,3.6513724695412395,False
2015-02-20 05:00:00,0.6894450472431917,3.6513724695412395,False
2015-02-20 15:00:00,0.7386070121791364,3.6513724695412395,False
2015-02-21 01:00:00,0.5826132157357194,3.6513724695412395,False
2015-02-21 11:00:00,0.7008078037303762,3.6513724695412395,False
2015-02-21 21:00:00,0.6053833570173093,3.6513724695412395,False
2015-02-22 07:00:00,0.6008441088549192,3.6513724695412395,False
2015-02-22 17:00:00,0.7007298471455048,3.6513724695412395,False
2015-02-23 03:00:00,0.6115813941360876,3.6513724695412395,False
2015-02-23 13:00:00,0.6355220480320843,3.6513724695412395,False
2015-02-23 23:00:00,0.573574075278431,3.6513724695412395,False
2015-02-24 09:00:00,0.9424435318120428,3.6513724695412395,False
2015-02-24 19:00:00,0.7521294456338664,3.6513724695412395,False
2015-02-25 05:00:00,1.570123184259121,3.6513724695412395,False
2015-02-25 15:00:00,0.6852835376432344,3.6513724695412395,False
2015-02-26 01:00:00,0.561842480148119,3.6513724695412395,False
2015-02-26 11:00:00,1.378086958786601,3.6513724695412395,False
2015-02-26 21:00:00,0.9229668847395837,3.6513724695412395,False
2015-02-27 07:00:00,0.5365968630918605,3.6513724695412395,False
2015-02-27 17:00:00,1.0537329981291,3.6513724695412395,False
2015-02-28 03:00:00,0.8294638017330689,3.6513724695412395,False
2015-02-28 13:00:00,2.2500334862820015,3.6513724695412395,False
2015-02-28 23:00:00,4.563020858593392,3.6513724695412395,True
2015-03-01 09:00:00,3.9822226880750096,3.6513724695412395,True
2015-03-01 19:00:00,3.8163615014196277,3.6513724695412395,True
2015-03-02 05:00:00,3.7448779022341228,3.6513724695412395,True
2015-03-02 15:00:00,1.548390617397164,3.6513724695412395,False
2015-03-03 01:00:00,1.3402726831353093,3.6513724695412395,False
2015-03-03 11:00:00,1.1474115956993842,3.6513724695412395,False
2015-03-03 21:00:00,3.7515229304667566,3.6513724695412395,True
2015-03-04 07:00:00,3.396621425058469,3.6513724695412395,False
2015-03-04 17:00:00,4.351161590621973,3.6513724695412395,True
2015-03-05 03:00:00,3.855027886469329,3.6513724695412395,True
2015-03-05 13:00:00,1.4241687864375507,3.6513724695412395,False
2015-03-05 23:00:00,0.5485278850273241,3.6513724695412395,False
2015-03-06 09:00:00,1.0669875196816012,3.6513724695412395,False
2015-03-06 19:00:00,0.5616084185608672,3.6513724695412395,False
2015-03-07 05:00:00,0.6183904079518783,3.6513724695412395,False
2015-03-07 15:00:00,1.0371748547744304,3.6513724695412395,False
2015-03-08 01:00:00,0.3283922320435893,3.6513724695412395,False
2015-03-08 11:00:00,0.46181524211957636,3.6513724695412395,False
2015-03-08 21:00:00,0.8086491864301937,3.6513724695412395,False
2015-03-09 07:00:00,1.477886484402569,3.6513724695412395,False
2015-03-09 17:00:00,0.6707771274715463,3.6513724695412395,False
2015-03-10 03:00:00,0.5391025108557559,3.6513724695412395,False
2015-03-10 13:00:00,0.43498559645883833,3.6513724695412395,False
2015-03-10 23:00:00,0.49296830111845524,3.6513724695412395,False
2015-03-11 09:00:00,0.6717633198686882,3.6513724695412395,False
2015-03-11 19:00:00,1.1445555572501158,3.6513724695412395,False
2015-03-12 05:00:00,0.3968609388772656,3.6513724695412395,False
2015-03-12 15:00:00,0.18264458592426006,3.6513724695412395,False
2015-03-13 01:00:00,0.9428571986807377,3.6513724695412395,False
2015-03-13 11:00:00,0.6381112834070808,3.6513724695412395,False
2015-03-13 21:00:00,0.12263991030846308,3.6513724695412395,False
2015-03-14 07:00:00,0.6626069460214647,3.6513724695412395,False
2015-03-14 17:00:00,1.135800315898558,3.6513724695412395,False
2015-03-15 03:00:00,0.1117559396584243,3.6513724695412395,False
2015-03-15 13:00:00,0.9698015516570045,3.6513724695412395,False
2015-03-15 23:00:00,0.7872540706879313,3.6513724695412395,False
2015-03-16 09:00:00,0.41471602338750085,3.6513724695412395,False
2015-03-16 19:00:00,0.07538592610576533,3.6513724695412395,False
2015-03-17 05:00:00,0.14249214974142654,3.6513724695412395,False
2015-03-17 15:00:00,0.16936239730334543,3.6513724695412395,False
2015-03-18 01:00:00,0.27645824671606056,3.6513724695412395,False
2015-03-18 11:00:00,0.7148579010003491,3.6513724695412395,False
2015-03-18 21:00:00,0.18877668176192133,3.6513724695412395,False
2015-03-19 07:00:00,0.313724645579114,3.6513724695412395,False
2015-03-19 17:00:00,0.7628781575437853,3.6513724695412395,False
2015-03-20 03:00:00,1.4155281433384865,3.6513724695412395,False
2015-03-20 13:00:00,0.7507287719315204,3.6513724695412395,False
2015-03-20 23:00:00,0.7480083316194818,3.6513724695412395,False
2015-03-21 09:00:00,0.4096962084321795,3.6513724695412395,False
2015-03-21 19:00:00,0.6013736901703481,3.6513724695412395,False
2015-03-22 05:00:00,0.6204298040567917,3.6513724695412395,False
2015-03-22 15:00:00,1.1594033024879395,3.6513724695412395,False
2015-03-23 01:00:00,0.1076678004780774,3.6513724695412395,False
2015-03-23 11:00:00,0.23382535329294496,3.6513724695412395,False
2015-03-23 21:00:00,0.6256868505672737,3.6513724695412395,False
2015-03-24 07:00:00,1.2159835712310147,3.6513724695412395,False
2015-03-24 17:00:00,0.24780058342331737,3.6513724695412395,False
2015-03-25 03:00:00,0.325853138087716,3.6513724695412395,False
2015-03-25 13:00:00,0.537312315213081,3.6513724695412395,False
2015-03-25 23:00:00,1.1919987449679714,3.6513724695412395,False
2015-03-26 09:00:00,1.0811011389653593,3.6513724695412395,False
2015-03-26 19:00:00,0.3686539605425234,3.6513724695412395,False
2015-03-27 05:00:00,0.3815873526747206,3.6513724695412395,False
2015-03-27 15:00:00,0.5135313571805095,3.6513724695412395,False
2015-03-28 01:00:00,0.5424029422770847,3.6513724695412395,False
2015-03-28 11:00:00,1.0002199063404775,3.6513724695412395,False
2015-03-28 21:00:00,0.3106226635125835,3.6513724695412395,False
2015-03-29 07:00:00,0.250131071375059,3.6513724695412395,False
2015-03-29 17:00:00,0.4407885749923868,3.6513724695412395,False
2015-03-30 03:00:00,0.9412972952259197,3.6513724695412395,False
2015-03-30 13:00:00,1.5535306889615517,3.6513724695412395,False
2015-03-30 23:00:00,0.8790031234904858,3.6513724695412395,False
2015-03-31 09:00:00,0.29606053290555306,3.6513724695412395,False
2015-03-31 19:00:00,0.7009002261508701,3.6513724695412395,False
2015-04-01 05:00:00,1.0826172023937684,3.6513724695412395,False
2015-04-01 15:00:00,0.5308520283730533,3.6513724695412395,False
2015-04-02 01:00:00,0.4074356802907263,3.6513724695412395,False
2015-04-02 11:00:00,0.41355471053256104,3.6513724695412395,False
2015-04-02 21:00:00,0.4507418807744695,3.6513724695412395,False
2015-04-03 07:00:00,0.3623380523649395,3.6513724695412395,False
2015-04-03 17:00:00,0.406907887116635,3.6513724695412395,False
2015-04-04 03:00:00,0.6605300434446004,3.6513724695412395,False
2015-04-04 13:00:00,0.6403520197857934,3.6513724695412395,False
2015-04-04 23:00:00,0.47814880808270943,3.6513724695412395,False
2015-04-05 09:00:00,0.5360098578398266,3.6513724695412395,False
2015-04-05 19:00:00,0.7479240585321517,3.6513724695412395,False
2015-04-06 05:00:00,0.4515918279966631,3.6513724695412395,False
2015-04-06 15:00:00,0.4388575317352286,3.6513724695412395,False
2015-04-07 01:00:00,0.45107450557366663,3.6513724695412395,False
2015-04-07 11:00:00,0.6384129700667583,3.6513724695412395,False
2015-04-07 21:00:00,0.6168392045270951,3.6513724695412395,False
2015-04-08 07:00:00,0.49547423080751846,3.6513724695412395,False
2015-04-08 17:00:00,0.5711738366922836,3.6513724695412395,False
2015-04-09 03:00:00,1.470765747665578,3.6513724695412395,False
2015-04-09 13:00:00,1.471076956140639,3.6513724695412395,False
2015-04-09 23:00:00,0.5354281555064891,3.6513724695412395,False
2015-04-10 09:00:00,0.7265558610345603,3.6513724695412395,False
2015-04-10 19:00:00,0.8539115944077127,3.6513724695412395,False
2015-04-11 05:00:00,0.6637549831987805,3.6513724695412395,False
2015-04-11 15:00:00,0.5651566288290403,3.6513724695412395,False
2015-04-12 01:00:00,0.5622446424375472,3.6513724695412395,False
2015-04-12 11:00:00,0.8786587070286827,3.6513724695412395,False
2015-04-12 21:00:00,0.5895246939387321,3.6513724695412395,False
2015-04-13 07:00:00,0.6158134981423333,3.6513724695412395,False
2015-04-13 17:00:00,0.9137593190047026,3.6513724695412395,False
2015-04-14 03:00:00,1.1488625849181748,3.6513724695412395,False
2015-04-14 13:00:00,0.6203081992285596,3.6513724695412395,False
2015-04-14 23:00:00,0.6471033017159431,3.6513724695412395,False
2015-04-15 09:00:00,0.6694108536176007,3.6513724695412395,False
2015-04-15 19:00:00,1.3661022719738731,3.6513724695412395,False
2015-04-16 05:00:00,1.5023765318537243,3.6513724695412395,False
2015-04-16 15:00:00,0.6832388532350256,3.6513724695412395,False
2015-04-17 01:00:00,0.7751254389618752,3.6513724695412395,False
2015-04-17 11:00:00,0.6861978420893222,3.6513724695412395,False
2015-04-17 21:00:00,0.7211049361128392,3.6513724695412395,False
2015-04-18 07:00:00,0.8483950556925266,3.6513724695412395,False
2015-04-18 17:00:00,0.721343341012952,3.6513724695412395,False
2015-04-19 03:00:00,0.7537538880768582,3.6513724695412395,False
2015-04-19 13:00:00,0.741264871620343,3.6513724695412395,False
2015-04-19 23:00:00,0.9673238187177473,3.6513724695412395,False
2015-04-20 09:00:00,0.8806060871415027,3.6513724695412395,False
2015-04-20 19:00:00,0.805377030757648,3.6513724695412395,False
2015-04-21 05:00:00,0.7958013717689775,3.6513724695412395,False
2015-04-21 15:00:00,0.863703298913626,3.6513724695412395,False
2015-04-22 01:00:00,0.8286729342011873,3.6513724695412395,False
2015-04-22 11:00:00,1.0189857421851696,3.6513724695412395,False
2015-04-22 21:00:00,0.9069543908976201,3.6513724695412395,False
2015-04-23 07:00:00,1.3266949219115278,3.6513724695412395,False
2015-04-23 17:00:00,0.8605388734238902,3.6513724695412395,False
2015-04-24 03:00:00,0.8430865820146728,3.6513724695412395,False
2015-04-24 13:00:00,1.0285743322886616,3.6513724695412395,False
2015-04-24 23:00:00,1.0064543109001685,3.6513724695412395,False
2015-04-25 09:00:00,1.0101271698436867,3.6513724695412395,False
2015-04-25 19:00:00,0.9207618255035332,3.6513724695412395,False
2015-04-26 05:00:00,1.3827557190396886,3.6513724695412395,False
2015-04-26 15:00:00,0.9011911481716597,3.6513724695412395,False
2015-04-27 01:00:00,0.939735716066543,3.6513724695412395,False
2015-04-27 11:00:00,1.1097312469664167,3.6513724695412395,False
2015-04-27 21:00:00,0.9545609391630139,3.6513724695412395,False
2015-04-28 07:00:00,0.943557594727113,3.6513724695412395,False
2015-04-28 17:00:00,0.9747821109836426,3.6513724695412395,False
2015-04-29 03:00:00,0.9732026211996735,3.6513724695412395,False
2015-04-29 13:00:00,1.023480640612972,3.6513724695412395,False
2015-04-29 23:00:00,1.0178387469810817,3.6513724695412395,False
2015-04-30 09:00:00,1.3345630497945098,3.6513724695412395,False
2015-04-30 19:00:00,0.9919966223793358,3.6513724695412395,False
2015-05-01 05:00:00,1.0457057731849184,3.6513724695412395,False
2015-05-01 15:00:00,1.0908079958619004,3.6513724695412395,False
2015-05-02 01:00:00,1.1807049731457968,3.6513724695412395,False
2015-05-02 11:00:00,1.2700180981939502,3.6513724695412395,False
2015-05-02 21:00:00,1.0460375242995799,3.6513724695412395,False
2015-05-03 07:00:00,1.0780606692402,3.6513724695412395,False
2015-05-03 17:00:00,1.1544631390867781,3.6513724695412395,False
2015-05-04 03:00:00,1.0724021093216025,3.6513724695412395,False
2015-05-04 13:00:00,1.1473166435658502,3.6513724695412395,False
2015-05-04 23:00:00,1.3602933658341634,3.6513724695412395,False
2015-05-05 09:00:00,1.2696222167331292,3.6513724695412395,False
2015-05-05 19:00:00,1.167771991470607,3.6513724695412395,False
2015-05-06 05:00:00,1.2958012593853419,3.6513724695412395,False
2015-05-06 15:00:00,1.1252981695756967,3.6513724695412395,False
2015-05-07 01:00:00,1.1574770967454653,3.6513724695412395,False
2015-05-07 11:00:00,1.1973716339721232,3.6513724695412395,False
2015-05-07 21:00:00,1.4452261536474822,3.6513724695412395,False
2015-05-08 07:00:00,1.1635158069575955,3.6513724695412395,False
2015-05-08 17:00:00,1.210677339963016,3.6513724695412395,False
2015-05-09 03:00:00,1.1962113570757404,3.6513724695412395,False
2015-05-09 13:00:00,1.2397070390459475,3.6513724695412395,False
2015-05-09 23:00:00,1.5969970002411866,3.6513724695412395,False
2015-05-10 09:00:00,1.8401711670016319,3.6513724695412395,False
2015-05-10 19:00:00,2.0274764072726295,3.6513724695412395,False
2015-05-11 05:00:00,2.063756835070542,3.6513724695412395,False
2015-05-11 15:00:00,1.582873455464682,3.6513724695412395,False
2015-05-12 01:00:00,1.3741389960211057,3.6513724695412395,False
2015-05-12 11:00:00,1.4941761940123504,3.6513724695412395,False
2015-05-12 21:00:00,1.9113316417574489,3.6513724695412395,False
2015-05-13 07:00:00,1.7183240592568108,3.6513724695412395,False
2015-05-13 17:00:00,1.4009603161043789,3.6513724695412395,False
2015-05-14 03:00:00,1.2975924320839742,3.6513724695412395,False
2015-05-14 13:00:00,1.3074330189654844,3.6513724695412395,False
2015-05-14 23:00:00,1.3217269114293981,3.6513724695412395,False
2015-05-15 09:00:00,1.348683582718806,3.6513724695412395,False
2015-05-15 19:00:00,1.363781061724556,3.6513724695412395,False
2015-05-16 05:00:00,1.4328571372441077,3.6513724695412395,False
2015-05-16 15:00:00,1.4674503936987258,3.6513724695412395,False
2015-05-17 01:00:00,1.3645037640450737,3.6513724695412395,False
2015-05-17 11:00:00,1.4804347636133628,3.6513724695412395,False
2015-05-17 21:00:00,1.5064147099835212,3.6513724695412395,False
2015-05-18 07:00:00,1.481258894436388,3.6513724695412395,False
2015-05-18 17:00:00,3.3198957910136877,3.6513724695412395,False
2015-05-19 03:00:00,4.25179899337424,3.6513724695412395,True
2015-05-19 13:00:00,4.035524610518392,3.6513724695412395,True
2015-05-19 23:00:00,4.710813273392434,3.6513724695412395,True
2015-05-20 09:00:00,4.432068284314748,3.6513724695412395,True
2015-05-20 19:00:00,2.4589847456551555,3.6513724695412395,False
2015-05-21 05:00:00,1.7720697452976377,3.6513724695412395,False
2015-05-21 15:00:00,1.6698172735957835,3.6513724695412395,False
2015-05-22 01:00:00,1.6828205774255454,3.6513724695412395,False
2015-05-22 11:00:00,1.4987170716646816,3.6513724695412395,False
2015-05-22 21:00:00,1.9640558102343244,3.6513724695412395,False
2015-05-23 07:00:00,1.840031105242614,3.6513724695412395,False
2015-05-23 17:00:00,1.686184871076735,3.6513724695412395,False
2015-05-24 03:00:00,1.6525303579370416,3.6513724695412395,False
2015-05-24 13:00:00,1.700105191362482,3.6513724695412395,False
2015-05-24 23:00:00,1.5465308220011451,3.6513724695412395,False
2015-05-25 09:00:00,1.8093943475045444,3.6513724695412395,False
2015-05-25 19:00:00,1.7768926018505649,3.6513724695412395,False
2015-05-26 05:00:00,1.5817270700028527,3.6513724695412395,False
2015-05-26 15:00:00,1.6897546735504556,3.6513724695412395,False
2015-05-27 01:00:00,1.60440260864857,3.6513724695412395,False
2015-05-27 11:00:00,1.6066481120789102,3.6513724695412395,False
2015-05-27 21:00:00,1.6114799599217546,3.6513724695412395,False
2015-05-28 07:00:00,1.6222367489200475,3.6513724695412395,False
2015-05-28 17:00:00,1.7282613744092878,3.6513724695412395,False
2015-05-29 03:00:00,1.6934245421259826,3.6513724695412395,False
2015-05-29 13:00:00,1.7405363481696083,3.6513724695412395,False
2015-05-29 23:00:00,1.663709108179717,3.6513724695412395,False
2015-05-30 09:00:00,1.7230741135376664,3.6513724695412395,False
2015-05-30 19:00:00,1.7207680783550048,3.6513724695412395,False
2015-05-31 05:00:00,2.3276570830209846,3.6513724695412395,False
2015-05-31 15:00:00,1.9534865792164748,3.6513724695412395,False
2015-06-01 01:00:00,1.7244649967330596,3.6513724695412395,False
2015-06-01 11:00:00,1.7179164252241008,3.6513724695412395,False
2015-06-01 21:00:00,1.7870431161763691,3.6513724695412395,False
2015-06-01 19:00:00,1.726200384261345,3.6513724695412395,False
2015-06-02 05:00:00,1.7180854308396045,3.6513724695412395,False
2015-06-02 15:00:00,1.7255939931068265,3.6513724695412395,False
2015-06-03 01:00:00,1.7527947705746474,3.6513724695412395,False
2015-06-03 11:00:00,1.7036310519894116,3.6513724695412395,False
2015-06-03 21:00:00,1.7788873889432641,3.6513724695412395,False
2015-06-04 07:00:00,2.2409564100454533,3.6513724695412395,False
2015-06-04 17:00:00,2.1528163419001074,3.6513724695412395,False
2015-06-05 03:00:00,1.6544101846594481,3.6513724695412395,False
2015-06-05 13:00:00,1.9356248735418924,3.6513724695412395,False
2015-06-05 23:00:00,1.6379710286616247,3.6513724695412395,False
2015-06-06 09:00:00,1.9416448012130845,3.6513724695412395,False
2015-06-06 19:00:00,1.7105586558676902,3.6513724695412395,False
2015-06-07 05:00:00,1.717025424111706,3.6513724695412395,False
2015-06-07 15:00:00,1.998982575462725,3.6513724695412395,False
2015-06-08 01:00:00,2.125451016169751,3.6513724695412395,False
2015-06-08 11:00:00,1.7360312998381766,3.6513724695412395,False
2015-06-08 21:00:00,1.5629253067737712,3.6513724695412395,False
2015-06-09 07:00:00,1.5599711323390557,3.6513724695412395,False
2015-06-09 17:00:00,1.5487898893190015,3.6513724695412395,False
2015-06-10 03:00:00,1.662751239274027,3.6513724695412395,False
2015-06-10 13:00:00,1.5543380704919605,3.6513724695412395,False
2015-06-10 23:00:00,1.5238941185017465,3.6513724695412395,False
2015-06-11 09:00:00,1.5452140827830962,3.6513724695412395,False
2015-06-11 19:00:00,1.4975208515973073,3.6513724695412395,False
2015-06-12 05:00:00,1.5776169257794546,3.6513724695412395,False
2015-06-12 15:00:00,1.477426223723702,3.6513724695412395,False
2015-06-13 01:00:00,1.4773810071460642,3.6513724695412395,False
2015-06-13 11:00:00,1.487423145559461,3.6513724695412395,False
2015-06-13 21:00:00,1.4858820431639341,3.6513724695412395,False
2015-06-14 07:00:00,1.6684208713402742,3.6513724695412395,False
2015-06-14 17:00:00,1.5106374472296609,3.6513724695412395,False
2015-06-15 03:00:00,1.4910620294419856,3.6513724695412395,False
2015-06-15 13:00:00,1.4495284051152213,3.6513724695412395,False
2015-06-15 23:00:00,1.7141557215193517,3.6513724695412395,False
2015-06-16 09:00:00,1.4283997614994437,3.6513724695412395,False
2015-06-16 19:00:00,1.5430659990515367,3.6513724695412395,False
2015-06-17 05:00:00,1.3893559392583126,3.6513724695412395,False
2015-06-17 15:00:00,2.9660223817776306,3.6513724695412395,False
2015-06-18 01:00:00,3.729900725736357,3.6513724695412395,True
2015-06-18 11:00:00,3.3589897069414447,3.6513724695412395,False
2015-06-18 21:00:00,4.361938049343285,3.6513724695412395,True
2015-06-19 07:00:00,3.907876202388245,3.6513724695412395,True
2015-06-19 17:00:00,1.6273717732608584,3.6513724695412395,False
2015-06-20 03:00:00,1.5671234151399995,3.6513724695412395,False
2015-06-20 13:00:00,1.3109931868665543,3.6513724695412395,False
2015-06-20 23:00:00,1.30707173550576,3.6513724695412395,False
2015-06-21 09:00:00,1.3050794303451878,3.6513724695412395,False
2015-06-21 19:00:00,1.2702510462157806,3.6513724695412395,False
2015-06-22 05:00:00,1.2585612869156397,3.6513724695412395,False
2015-06-22 15:00:00,1.2719684966159264,3.6513724695412395,False
2015-06-23 01:00:00,1.2455015361881723,3.6513724695412395,False
2015-06-23 11:00:00,1.229924487836039,3.6513724695412395,False
2015-06-23 21:00:00,1.3724365357172008,3.6513724695412395,False
2015-06-24 07:00:00,1.2289479116416115,3.6513724695412395,False
2015-06-24 17:00:00,1.2126074124071167,3.6513724695412395,False
2015-06-25 03:00:00,1.212275201847563,3.6513724695412395,False
2015-06-25 13:00:00,1.1818338409362832,3.6513724695412395,False
2015-06-25 23:00:00,1.3107135734648585,3.6513724695412395,False
2015-06-26 09:00:00,1.2514458333626988,3.6513724695412395,False
2015-06-26 19:00:00,1.2880214286266,3.6513724695412395,False
2015-06-27 05:00:00,1.2709035917545053,3.6513724695412395,False
2015-06-27 15:00:00,1.3077206669765322,3.6513724695412395,False
2015-06-28 01:00:00,1.1882395344341585,3.6513724695412395,False
2015-06-28 11:00:00,1.1162790413701382,3.6513724695412395,False
2015-06-28 21:00:00,1.1255171552716505,3.6513724695412395,False
2015-06-29 07:00:00,1.1280990140694316,3.6513724695412395,False
2015-06-29 17:00:00,1.2612403902018507,3.6513724695412395,False
2015-06-30 03:00:00,1.2511494306737068,3.6513724695412395,False
2015-06-30 13:00:00,1.105442931327624,3.6513724695412395,False
2015-06-30 23:00:00,1.0999063464803647,3.6513724695412395,False
2015-07-01 09:00:00,1.091933640499495,3.6513724695412395,False
2015-07-01 19:00:00,1.5379343174219462,3.6513724695412395,False
2015-07-02 05:00:00,1.1131712084355525,3.6513724695412395,False
2015-07-02 15:00:00,1.3514979671114666,3.6513724695412395,False
2015-07-03 01:00:00,1.0101399527582222,3.6513724695412395,False
2015-07-03 11:00:00,1.022972271257911,3.6513724695412395,False
2015-07-03 21:00:00,1.0093201976392259,3.6513724695412395,False
2015-07-04 07:00:00,1.1712191336610782,3.6513724695412395,False
2015-07-04 17:00:00,1.1810961389458563,3.6513724695412395,False
2015-07-05 03:00:00,1.027473854264726,3.6513724695412395,False
2015-07-05 13:00:00,0.9850988915723639,3.6513724695412395,False
2015-07-05 23:00:00,0.9436755007538205,3.6513724695412395,False
2015-07-06 09:00:00,1.0061099546195866,3.6513724695412395,False
2015-07-06 19:00:00,1.1698020259055284,3.6513724695412395,False
2015-07-07 05:00:00,0.9182123297203384,3.6513724695412395,False
2015-07-07 15:00:00,1.013119528278582,3.6513724695412395,False
2015-07-08 01:00:00,0.895913910851382,3.6513724695412395,False
2015-07-08 11:00:00,0.9886650919740023,3.6513724695412395,False
2015-07-08 21:00:00,0.9850875214152379,3.6513724695412395,False
2015-07-09 07:00:00,1.0902657425504843,3.6513724695412395,False
2015-07-09 17:00:00,0.9130184446634645,3.6513724695412395,False
2015-07-10 03:00:00,0.84989661164221,3.6513724695412395,False
2015-07-10 13:00:00,0.8653952542678409,3.6513724695412395,False
2015-07-10 23:00:00,0.9300714145879717,3.6513724695412395,False
2015-07-11 09:00:00,0.8304023809823862,3.6513724695412395,False
2015-07-11 19:00:00,0.8752226201496973,3.6513724695412395,False
2015-07-12 05:00:00,1.1323184532150408,3.6513724695412395,False
2015-07-12 15:00:00,1.037077110244869,3.6513724695412395,False
2015-07-13 01:00:00,0.7819735903838549,3.6513724695412395,False
2015-07-13 11:00:00,0.7807737927119554,3.6513724695412395,False
2015-07-13 21:00:00,0.7668330804708715,3.6513724695412395,False
2015-07-14 07:00:00,0.7898150156094148,3.6513724695412395,False
2015-07-14 17:00:00,0.9392557796535012,3.6513724695412395,False
2015-07-15 03:00:00,0.736451706275662,3.6513724695412395,False
2015-07-15 13:00:00,1.1961868030309415,3.6513724695412395,False
2015-07-15 23:00:00,0.8019597696446296,3.6513724695412395,False
2015-07-16 09:00:00,1.4771714771579825,3.6513724695412395,False
2015-07-16 19:00:00,2.104248294615766,3.6513724695412395,False
2015-07-17 05:00:00,2.3949575982467723,3.6513724695412395,False
2015-07-17 15:00:00,1.0402675193856676,3.6513724695412395,False
2015-07-18 01:00:00,0.8754054170833913,3.6513724695412395,False
2015-07-18 11:00:00,1.1094052356882547,3.6513724695412395,False
2015-07-18 21:00:00,0.8088594262598078,3.6513724695412395,False
2015-07-19 07:00:00,1.3202896910396695,3.6513724695412395,False
2015-07-19 17:00:00,0.9119474300315015,3.6513724695412395,False
2015-07-20 03:00:00,1.338509833797988,3.6513724695412395,False
2015-07-20 13:00:00,0.7699660390023365,3.6513724695412395,False
2015-07-20 23:00:00,1.0409039648610035,3.6513724695412395,False
2015-07-21 09:00:00,0.9892069262622589,3.6513724695412395,False
2015-07-21 19:00:00,0.7159413601944213,3.6513724695412395,False
2015-07-22 05:00:00,0.5775570602197773,3.6513724695412395,False
2015-07-22 15:00:00,0.5687489822324503,3.6513724695412395,False
2015-07-23 01:00:00,0.5732542377138571,3.6513724695412395,False
2015-07-23 11:00:00,0.830139136759282,3.6513724695412395,False
2015-07-23 21:00:00,0.9841882674925104,3.6513724695412395,False
2015-07-24 07:00:00,0.5356138576568964,3.6513724695412395,False
2015-07-24 17:00:00,0.5348044117422839,3.6513724695412395,False
2015-07-25 03:00:00,0.5516673080366968,3.6513724695412395,False
2015-07-25 13:00:00,0.49556976261547286,3.6513724695412395,False
2015-07-25 23:00:00,0.5644603048452146,3.6513724695412395,False
2015-07-26 09:00:00,0.48094169915745394,3.6513724695412395,False
2015-07-26 19:00:00,0.5004272350481073,3.6513724695412395,False
2015-07-27 05:00:00,0.7798687701847528,3.6513724695412395,False
2015-07-27 15:00:00,0.6454286242261951,3.6513724695412395,False
2015-07-28 01:00:00,0.48325969181768696,3.6513724695412395,False
2015-07-28 11:00:00,1.6055117308004143,3.6513724695412395,False
2015-07-28 21:00:00,1.1317162760365664,3.6513724695412395,False
2015-07-29 07:00:00,0.6037719346732104,3.6513724695412395,False
2015-07-29 17:00:00,0.48569783830122065,3.6513724695412395,False
2015-07-30 03:00:00,0.44923911515225995,3.6513724695412395,False
2015-07-30 13:00:00,0.7750628685751667,3.6513724695412395,False
2015-07-30 23:00:00,0.7835884652545422,3.6513724695412395,False
2015-07-31 09:00:00,0.395814869861547,3.6513724695412395,False
2015-07-31 19:00:00,0.4405957412919837,3.6513724695412395,False
2015-08-01 05:00:00,1.0783545024607264,3.6513724695412395,False
2015-08-01 15:00:00,0.3542114376865683,3.6513724695412395,False
2015-08-02 01:00:00,1.1373340902530122,3.6513724695412395,False
2015-08-02 11:00:00,1.2063677971412976,3.6513724695412395,False
2015-08-02 21:00:00,0.4998098271778375,3.6513724695412395,False
2015-08-03 07:00:00,0.48202545465786917,3.6513724695412395,False
2015-08-03 17:00:00,0.6933889008498986,3.6513724695412395,False
2015-08-04 03:00:00,1.910511353005685,3.6513724695412395,False
2015-08-04 13:00:00,2.131979526600829,3.6513724695412395,False
2015-08-04 23:00:00,0.26300415400103194,3.6513724695412395,False
2015-08-05 09:00:00,0.4618011838384196,3.6513724695412395,False
2015-08-05 19:00:00,0.48976912647616977,3.6513724695412395,False
2015-08-06 05:00:00,0.9154026240303286,3.6513724695412395,False
2015-08-06 15:00:00,1.1653709068504134,3.6513724695412395,False
2015-08-07 01:00:00,0.776756955647416,3.6513724695412395,False
2015-08-07 11:00:00,0.5956913903731101,3.6513724695412395,False
2015-08-07 21:00:00,0.594901905056626,3.6513724695412395,False
2015-08-08 07:00:00,2.1344675930739525,3.6513724695412395,False
2015-08-08 17:00:00,4.7702741744776915,3.6513724695412395,True
2015-08-09 03:00:00,5.281684475965652,3.6513724695412395,True
2015-08-09 13:00:00,5.255956945670085,3.6513724695412395,True
2015-08-09 23:00:00,3.8862893172873854,3.6513724695412395,True
2015-08-10 09:00:00,0.7176431753157673,3.6513724695412395,False
2015-08-10 19:00:00,0.9736621978154099,3.6513724695412395,False
2015-08-11 05:00:00,0.47937769444649136,3.6513724695412395,False
2015-08-11 15:00:00,1.209970084351249,3.6513724695412395,False
2015-08-12 01:00:00,1.3370517892820013,3.6513724695412395,False
2015-08-12 11:00:00,1.1616369569309781,3.6513724695412395,False
2015-08-12 21:00:00,0.8293577295483362,3.6513724695412395,False
2015-08-13 07:00:00,0.1971704633348465,3.6513724695412395,False
2015-08-13 17:00:00,1.011837354630043,3.6513724695412395,False
2015-08-14 03:00:00,1.1442077340304813,3.6513724695412395,False
2015-08-14 13:00:00,0.18276002827595383,3.6513724695412395,False
2015-08-14 23:00:00,0.6740486549467648,3.6513724695412395,False
2015-08-15 09:00:00,0.03387310613452884,3.6513724695412395,False
2015-08-15 19:00:00,0.028621813228777583,3.6513724695412395,False
2015-08-16 05:00:00,0.04872387717460123,3.6513724695412395,False
2015-08-16 15:00:00,0.3954887719766387,3.6513724695412395,False
2015-08-17 01:00:00,0.2910755414628065,3.6513724695412395,False
2015-08-17 11:00:00,0.6504442241214056,3.6513724695412395,False
2015-08-17 21:00:00,0.6765121354657909,3.6513724695412395,False
2015-08-18 07:00:00,0.4902841069148229,3.6513724695412395,False
2015-08-18 17:00:00,0.16360788187196884,3.6513724695412395,False
2015-08-19 03:00:00,1.085275235677071,3.6513724695412395,False
2015-08-19 13:00:00,0.8793289819384876,3.6513724695412395,False
2015-08-19 23:00:00,0.9554965161372572,3.6513724695412395,False
2015-08-20 09:00:00,0.18010350766369762,3.6513724695412395,False
2015-08-20 19:00:00,0.7410775270707782,3.6513724695412395,False
2015-08-21 05:00:00,0.5744924539066927,3.6513724695412395,False
2015-08-21 15:00:00,0.12398118730832827,3.6513724695412395,False
2015-08-22 01:00:00,0.1539607339944078,3.6513724695412395,False
2015-08-22 11:00:00,0.5654015736734097,3.6513724695412395,False
2015-08-22 21:00:00,1.26372160091981,3.6513724695412395,False
2015-08-23 07:00:00,0.34442018116304807,3.6513724695412395,False
2015-08-23 17:00:00,0.7190050669364156,3.6513724695412395,False
2015-08-24 03:00:00,0.5640487733589558,3.6513724695412395,False
2015-08-24 13:00:00,0.33875714012898844,3.6513724695412395,False
2015-08-24 23:00:00,0.5670690166529199,3.6513724695412395,False
2015-08-25 09:00:00,1.1838879431570644,3.6513724695412395,False
2015-08-25 19:00:00,0.6959132541248496,3.6513724695412395,False
2015-08-26 05:00:00,0.2306498201965167,3.6513724695412395,False
2015-08-26 15:00:00,0.28000691209533285,3.6513724695412395,False
2015-08-27 01:00:00,0.25653677096668753,3.6513724695412395,False
2015-08-27 11:00:00,0.5149023253980728,3.6513724695412395,False
2015-08-27 21:00:00,0.5791388147236768,3.6513724695412395,False
2015-08-28 07:00:00,0.2943510092922804,3.6513724695412395,False
2015-08-28 17:00:00,0.394943082647938,3.6513724695412395,False
2015-08-29 03:00:00,0.47032338872540813,3.6513724695412395,False
2015-08-29 13:00:00,0.38820358185851983,3.6513724695412395,False
2015-08-29 23:00:00,0.7884418639338128,3.6513724695412395,False
2015-08-30 09:00:00,0.611133826277962,3.6513724695412395,False
2015-08-30 19:00:00,0.3617339782618246,3.6513724695412395,False
2015-08-31 05:00:00,0.39009444337926813,3.6513724695412395,False
2015-08-31 15:00:00,0.4000291263039759,3.6513724695412395,False
2015-09-01 01:00:00,0.7936872104952176,3.6513724695412395,False
2015-09-01 11:00:00,1.1974190108445573,3.6513724695412395,False
2015-09-01 21:00:00,0.39498566809382696,3.6513724695412395,False
2015-09-02 07:00:00,0.9606065080617285,3.6513724695412395,False
2015-09-02 17:00:00,0.45028931822629903,3.6513724695412395,False
2015-09-03 03:00:00,0.5732611324649571,3.6513724695412395,False
2015-09-03 13:00:00,0.42576348259118085,3.6513724695412395,False
2015-09-03 23:00:00,0.5374943449937266,3.6513724695412395,False
2015-09-04 09:00:00,0.6196310770607856,3.6513724695412395,False
2015-09-04 19:00:00,0.5150165359945452,3.6513724695412395,False
2015-09-05 05:00:00,0.8621354153086601,3.6513724695412395,False
2015-09-05 15:00:00,0.6836673277287908,3.6513724695412395,False
2015-09-06 01:00:00,0.5141523678119829,3.6513724695412395,False
2015-09-06 11:00:00,0.48621157929752223,3.6513724695412395,False
2015-09-06 21:00:00,0.9073771883536537,3.6513724695412395,False
2015-09-07 07:00:00,0.5435426981295293,3.6513724695412395,False
2015-09-07 17:00:00,0.5224392869100029,3.6513724695412395,False
2015-09-08 03:00:00,1.1967043660981573,3.6513724695412395,False
2015-09-08 13:00:00,1.024434999525895,3.6513724695412395,False
2015-09-08 23:00:00,0.7843903303698492,3.6513724695412395,False
2015-09-09 09:00:00,0.5629175591583547,3.6513724695412395,False
2015-09-09 19:00:00,0.604764327593275,3.6513724695412395,False
2015-09-10 05:00:00,0.6225709735922378,3.6513724695412395,False
2015-09-10 15:00:00,0.5906407572811603,3.6513724695412395,False
2015-09-11 01:00:00,0.624195989828946,3.6513724695412395,False
2015-09-11 11:00:00,0.639944730331231,3.6513724695412395,False
2015-09-11 21:00:00,0.807030821607543,3.6513724695412395,False
2015-09-12 07:00:00,0.6647126506108598,3.6513724695412395,False
2015-09-12 17:00:00,0.7006258052298261,3.6513724695412395,False
2015-09-13 03:00:00,1.009972161820576,3.6513724695412395,False
2015-09-13 13:00:00,0.9422031979609659,3.6513724695412395,False
2015-09-13 23:00:00,0.7456497504918558,3.6513724695412395,False
2015-09-14 09:00:00,1.126438344689946,3.6513724695412395,False
2015-09-14 19:00:00,1.3035591877225405,3.6513724695412395,False
2015-09-15 05:00:00,3.1376272029619954,3.6513724695412395,False
2015-09-15 15:00:00,4.306487178974856,3.6513724695412395,True
2015-09-16 01:00:00,4.623857632410787,3.6513724695412395,True
2015-09-16 11:00:00,4.137385238151974,3.6513724695412395,True
2015-09-16 21:00:00,3.6290805167377482,3.6513724695412395,False
2015-09-17 07:00:00,1.5802289279401862,3.6513724695412395,False
2015-09-17 17:00:00,0.7889553596145336,3.6513724695412395,False
2015-09-18 03:00:00,0.8232313322089451,3.6513724695412395,False
2015-09-18 13:00:00,0.850674983575229,3.6513724695412395,False
2015-09-18 23:00:00,0.8806102440441947,3.6513724695412395,False
2015-09-19 09:00:00,0.899309804877085,3.6513724695412395,False
2015-09-19 19:00:00,0.8753756085515991,3.6513724695412395,False
2015-09-20 05:00:00,0.8586077177054372,3.6513724695412395,False
2015-09-20 15:00:00,0.8242378080666202,3.6513724695412395,False
2015-09-21 01:00:00,0.8196426045427732,3.6513724695412395,False
2015-09-21 11:00:00,0.836575590099692,3.6513724695412395,False
2015-09-21 21:00:00,1.0449604466158058,3.6513724695412395,False
2015-09-22 07:00:00,0.848648005549298,3.6513724695412395,False
2015-09-22 17:00:00,1.4412571669886691,3.6513724695412395,False
2015-09-23 03:00:00,0.9911930569733558,3.6513724695412395,False
2015-09-23 13:00:00,1.3084898555395554,3.6513724695412395,False
2015-09-23 23:00:00,1.53184224303091,3.6513724695412395,False
2015-09-24 09:00:00,1.0626141094361385,3.6513724695412395,False
2015-09-24 19:00:00,0.9366581468181978,3.6513724695412395,False
2015-09-25 05:00:00,0.9498264605600313,3.6513724695412395,False
2015-09-25 15:00:00,0.9306485733903864,3.6513724695412395,False
2015-09-26 01:00:00,1.4779374785748058,3.6513724695412395,False
2015-09-26 11:00:00,1.480162714166485,3.6513724695412395,False
2015-09-26 21:00:00,1.2271245320658344,3.6513724695412395,False
2015-09-27 07:00:00,1.0900320964626442,3.6513724695412395,False
2015-09-27 17:00:00,1.011486389888804,3.6513724695412395,False
2015-09-28 03:00:00,0.9816522371229319,3.6513724695412395,False
2015-09-28 13:00:00,1.0433231251876596,3.6513724695412395,False
2015-09-28 23:00:00,1.0675431908534503,3.6513724695412395,False
2015-09-29 09:00:00,1.2623967283864566,3.6513724695412395,False
2015-09-29 19:00:00,1.096645216966583,3.6513724695412395,False
2015-09-30 05:00:00,1.229837344313453,3.6513724695412395,False
2015-09-30 15:00:00,1.1186887530895908,3.6513724695412395,False
2015-10-01 01:00:00,1.0482839807293054,3.6513724695412395,False
2015-10-01 11:00:00,1.065717862947978,3.6513724695412395,False
2015-10-01 21:00:00,1.307392127373427,3.6513724695412395,False
2015-10-02 07:00:00,1.1571507536826784,3.6513724695412395,False
2015-10-02 17:00:00,1.2057563597269256,3.6513724695412395,False
2015-10-03 03:00:00,1.1055388334962446,3.6513724695412395,False
2015-10-03 13:00:00,1.108892224087882,3.6513724695412395,False
2015-10-03 23:00:00,1.287715605516337,3.6513724695412395,False
2015-10-04 09:00:00,1.929671203547402,3.6513724695412395,False
2015-10-04 19:00:00,1.1556602016798536,3.6513724695412395,False
2015-10-05 05:00:00,1.600676493354643,3.6513724695412395,False
2015-10-05 15:00:00,1.1943127084379144,3.6513724695412395,False
2015-10-06 01:00:00,1.2888150774782905,3.6513724695412395,False
2015-10-06 11:00:00,1.2932676237131238,3.6513724695412395,False
2015-10-06 21:00:00,1.336886713063873,3.6513724695412395,False
2015-10-07 07:00:00,1.406090739290567,3.6513724695412395,False
2015-10-07 17:00:00,1.6777507902828444,3.6513724695412395,False
2015-10-08 03:00:00,1.35450758065727,3.6513724695412395,False
2015-10-08 13:00:00,1.2879355774183514,3.6513724695412395,False
2015-10-08 23:00:00,1.28833364243743,3.6513724695412395,False
2015-10-09 09:00:00,1.3149740700266235,3.6513724695412395,False
2015-10-09 19:00:00,1.2928138617567737,3.6513724695412395,False
2015-10-10 05:00:00,1.25825061246736,3.6513724695412395,False
2015-10-10 15:00:00,1.3489334691917247,3.6513724695412395,False
2015-10-11 01:00:00,1.6810280308882557,3.6513724695412395,False
2015-10-11 11:00:00,1.3699630098330875,3.6513724695412395,False
2015-10-11 21:00:00,1.3124919830332449,3.6513724695412395,False
2015-10-12 07:00:00,1.4859156207862827,3.6513724695412395,False
2015-10-12 17:00:00,1.3866165944435311,3.6513724695412395,False
2015-10-13 03:00:00,1.3296268410368852,3.6513724695412395,False
2015-10-13 13:00:00,1.453407591877474,3.6513724695412395,False
2015-10-13 23:00:00,1.5932756785358024,3.6513724695412395,False
2015-10-14 09:00:00,1.3570610263435683,3.6513724695412395,False
2015-10-14 19:00:00,1.3955868927080342,3.6513724695412395,False
2015-10-15 05:00:00,1.6714538598029378,3.6513724695412395,False
2015-10-15 15:00:00,1.4604914117077281,3.6513724695412395,False
2015-10-16 01:00:00,1.4392358025964591,3.6513724695412395,False
2015-10-16 11:00:00,1.662316267317023,3.6513724695412395,False
2015-10-16 21:00:00,1.4178293060989813,3.6513724695412395,False
2015-10-17 07:00:00,1.4369006599321739,3.6513724695412395,False
2015-10-17 17:00:00,1.4969390133839062,3.6513724695412395,False
2015-10-18 03:00:00,1.7540015166377352,3.6513724695412395,False
2015-10-18 13:00:00,1.4533736918640612,3.6513724695412395,False
2015-10-18 23:00:00,1.502910917111503,3.6513724695412395,False
2015-10-19 09:00:00,1.5035771386135879,3.6513724695412395,False
2015-10-19 19:00:00,1.4781492339589763,3.6513724695412395,False
2015-10-20 05:00:00,1.4874480369803564,3.6513724695412395,False
2015-10-20 15:00:00,1.5941029970013176,3.6513724695412395,False
2015-10-21 01:00:00,1.649920070233443,3.6513724695412395,False
2015-10-21 11:00:00,1.8564472301072825,3.6513724695412395,False
2015-10-21 21:00:00,1.5672290917797989,3.6513724695412395,False
2015-10-22 07:00:00,1.5433430642787185,3.6513724695412395,False
2015-10-22 17:00:00,1.5506125229020045,3.6513724695412395,False
2015-10-23 03:00:00,1.7739970867362462,3.6513724695412395,False
2015-10-23 13:00:00,1.6229821479800854,3.6513724695412395,False
2015-10-23 23:00:00,1.6986278143080442,3.6513724695412395,False
2015-10-24 09:00:00,1.9087232524091124,3.6513724695412395,False
2015-10-24 19:00:00,2.0620899064974325,3.6513724695412395,False
2015-10-25 05:00:00,1.8353673349738888,3.6513724695412395,False
2015-10-25 15:00:00,1.8545693351411485,3.6513724695412395,False
2015-10-26 01:00:00,1.8919404238394464,3.6513724695412395,False
2015-10-26 11:00:00,1.6343332508735169,3.6513724695412395,False
2015-10-26 21:00:00,1.8901971010900112,3.6513724695412395,False
2015-10-27 07:00:00,2.105582934960291,3.6513724695412395,False
2015-10-27 17:00:00,1.9493526755906685,3.6513724695412395,False
2015-10-28 03:00:00,1.7125302783139482,3.6513724695412395,False
2015-10-28 13:00:00,1.6988841306870146,3.6513724695412395,False
2015-10-28 23:00:00,1.8176982109508977,3.6513724695412395,False
2015-10-29 09:00:00,1.7167256976215846,3.6513724695412395,False
2015-10-29 19:00:00,1.7655854061219118,3.6513724695412395,False
2015-10-30 05:00:00,1.9804327800432193,3.6513724695412395,False
2015-10-30 15:00:00,1.836366042322623,3.6513724695412395,False
2015-10-31 01:00:00,1.7348427404245879,3.6513724695412395,False
2015-10-31 11:00:00,2.2816202937667516,3.6513724695412395,False
2015-10-31 21:00:00,4.065426650408861,3.6513724695412395,True
2015-11-01 07:00:00,4.480077680348217,3.6513724695412395,True
2015-11-01 17:00:00,4.398689623239188,3.6513724695412395,True
2015-11-02 03:00:00,4.344501692400292,3.6513724695412395,True
2015-11-02 13:00:00,3.7687201958099643,3.6513724695412395,True
2015-11-02 23:00:00,1.871045425330271,3.6513724695412395,False
2015-11-03 09:00:00,1.9418498537616722,3.6513724695412395,False
2015-11-03 19:00:00,2.0456634540295373,3.6513724695412395,False
2015-11-04 05:00:00,2.1577745789049017,3.6513724695412395,False
2015-11-04 15:00:00,1.8697466896304615,3.6513724695412395,False
2015-11-05 01:00:00,1.9989043417063082,3.6513724695412395,False
2015-11-05 11:00:00,1.9028621015785228,3.6513724695412395,False
2015-11-05 21:00:00,1.9118485183384026,3.6513724695412395,False
2015-11-06 07:00:00,1.887330906525989,3.6513724695412395,False
2015-11-06 17:00:00,1.9253534188067265,3.6513724695412395,False
2015-11-07 03:00:00,1.89713610409746,3.6513724695412395,False
2015-11-07 13:00:00,1.9520365452234214,3.6513724695412395,False
2015-11-07 23:00:00,1.925426931237296,3.6513724695412395,False
2015-11-08 09:00:00,1.968855374189813,3.6513724695412395,False
2015-11-08 19:00:00,1.9345606252196759,3.6513724695412395,False
2015-11-09 05:00:00,2.1582275667981103,3.6513724695412395,False
2015-11-09 15:00:00,2.165763019393079,3.6513724695412395,False
2015-11-10 01:00:00,2.2520614148414917,3.6513724695412395,False
2015-11-10 11:00:00,2.413227768528934,3.6513724695412395,False
2015-11-10 21:00:00,2.044181176650824,3.6513724695412395,False
2015-11-11 07:00:00,2.1470306736947236,3.6513724695412395,False
2015-11-11 17:00:00,2.1411520475810355,3.6513724695412395,False
2015-11-12 03:00:00,2.045151258454027,3.6513724695412395,False
2015-11-12 13:00:00,2.1483092211193076,3.6513724695412395,False
2015-11-12 23:00:00,2.0733014547557773,3.6513724695412395,False
2015-11-13 09:00:00,2.0904278282402218,3.6513724695412395,False
2015-11-13 19:00:00,2.0655233756344336,3.6513724695412395,False
2015-11-14 05:00:00,2.0670903643107597,3.6513724695412395,False
2015-11-14 15:00:00,2.0857178672500214,3.6513724695412395,False
2015-11-15 01:00:00,2.1915324052074587,3.6513724695412395,False
2015-11-15 11:00:00,2.4556487004368597,3.6513724695412395,False
2015-11-15 21:00:00,2.3725336717680703,3.6513724695412395,False
2015-11-16 07:00:00,2.2015423068391446,3.6513724695412395,False
2015-11-16 17:00:00,2.2124886406819932,3.6513724695412395,False
2015-11-17 03:00:00,2.1328182394907924,3.6513724695412395,False
2015-11-17 13:00:00,2.2945764736770187,3.6513724695412395,False
2015-11-17 23:00:00,2.1559945650886,3.6513724695412395,False
2015-11-18 09:00:00,2.1805469781934215,3.6513724695412395,False
2015-11-18 19:00:00,2.163345919882166,3.6513724695412395,False
2015-11-19 05:00:00,2.2897201281801225,3.6513724695412395,False
2015-11-19 15:00:00,2.742635762150658,3.6513724695412395,False
2015-11-20 01:00:00,2.19554328083286,3.6513724695412395,False
2015-11-20 11:00:00,2.201540305669008,3.6513724695412395,False
2015-11-20 21:00:00,2.3350545224527335,3.6513724695412395,False
2015-11-21 07:00:00,2.2952023295687134,3.6513724695412395,False
2015-11-21 17:00:00,2.3011348137423466,3.6513724695412395,False
2015-11-22 03:00:00,2.2405947992342745,3.6513724695412395,False
2015-11-22 13:00:00,2.4196637978257893,3.6513724695412395,False
2015-11-22 23:00:00,2.678200019654681,3.6513724695412395,False
2015-11-23 09:00:00,2.5394462044250448,3.6513724695412395,False
2015-11-23 19:00:00,2.4885654034852767,3.6513724695412395,False
2015-11-24 05:00:00,2.3074341023153524,3.6513724695412395,False
2015-11-24 15:00:00,2.297664358288335,3.6513724695412395,False
2015-11-25 01:00:00,2.3076876472554546,3.6513724695412395,False
2015-11-25 11:00:00,2.3163130525582263,3.6513724695412395,False
2015-11-25 21:00:00,2.4635364018615262,3.6513724695412395,False
2015-11-26 07:00:00,2.342639680849433,3.6513724695412395,False
2015-11-26 17:00:00,2.445244947543253,3.6513724695412395,False
2015-11-27 03:00:00,2.3875227735443723,3.6513724695412395,False
2015-11-27 13:00:00,2.403845627655232,3.6513724695412395,False
2015-11-27 23:00:00,2.6799480273648095,3.6513724695412395,False
2015-11-28 09:00:00,2.6700547728847743,3.6513724695412395,False
2015-11-28 19:00:00,2.4338788832826563,3.6513724695412395,False
2015-11-29 05:00:00,2.522072857654456,3.6513724695412395,False
2015-11-29 15:00:00,3.030186137516106,3.6513724695412395,False
2015-11-30 01:00:00,2.4669638481686196,3.6513724695412395,False
2015-11-30 11:00:00,2.539104110120364,3.6513724695412395,False
2015-11-30 21:00:00,2.705004842521969,3.6513724695412395,False
2015-12-01 07:00:00,2.5115575853951895,3.6513724695412395,False
2015-12-01 17:00:00,2.5213030512549772,3.6513724695412395,False
2015-12-02 03:00:00,2.4897964339829763,3.6513724695412395,False
2015-12-02 13:00:00,2.690847287331351,3.6513724695412395,False
2015-12-02 23:00:00,2.852646898754517,3.6513724695412395,False
2015-12-03 09:00:00,2.5910171828010737,3.6513724695412395,False
2015-12-03 19:00:00,2.5592702774628497,3.6513724695412395,False
2015-12-04 05:00:00,2.551119720944217,3.6513724695412395,False
2015-12-04 15:00:00,2.5990917789364567,3.6513724695412395,False
2015-12-05 01:00:00,2.8588059118192968,3.6513724695412395,False
2015-12-05 11:00:00,2.5444846871138007,3.6513724695412395,False
2015-12-05 21:00:00,2.636522415336916,3.6513724695412395,False
2015-12-06 07:00:00,2.675561541154339,3.6513724695412395,False
2015-12-06 17:00:00,2.5730539199619877,3.6513724695412395,False
2015-12-07 03:00:00,2.6719901141606903,3.6513724695412395,False
2015-12-07 13:00:00,2.646782843839166,3.6513724695412395,False
2015-12-07 23:00:00,2.7175437953467725,3.6513724695412395,False
2015-12-08 09:00:00,2.706575923969061,3.6513724695412395,False
2015-12-08 19:00:00,3.077515196145142,3.6513724695412395,False
2015-12-09 05:00:00,3.012231144934462,3.6513724695412395,False
2015-12-09 15:00:00,2.6743657464494293,3.6513724695412395,False
2015-12-10 01:00:00,2.654015186180904,3.6513724695412395,False
2015-12-10 11:00:00,2.8509647621185534,3.6513724695412395,False
2015-12-10 21:00:00,2.834894722604443,3.6513724695412395,False
2015-12-11 07:00:00,2.67934285361394,3.6513724695412395,False
2015-12-11 17:00:00,2.6887932593679547,3.6513724695412395,False
2015-12-12 03:00:00,2.741877944776943,3.6513724695412395,False
2015-12-12 13:00:00,2.71106971279509,3.6513724695412395,False
2015-12-12 23:00:00,2.7171266932320184,3.6513724695412395,False
2015-12-13 09:00:00,2.750859104265195,3.6513724695412395,False
2015-12-13 19:00:00,2.7397490088520158,3.6513724695412395,False
2015-12-14 05:00:00,2.798460234462576,3.6513724695412395,False
2015-12-14 15:00:00,2.763020578885585,3.6513724695412395,False
2015-12-15 01:00:00,2.7746417489583113,3.6513724695412395,False
2015-12-15 11:00:00,2.7880967475370864,3.6513724695412395,False
2015-12-15 21:00:00,2.787234246931223,3.6513724695412395,False
2015-12-16 07:00:00,2.8008288673940243,3.6513724695412395,False
2015-12-16 17:00:00,2.804882075294977,3.6513724695412395,False
2015-12-17 03:00:00,2.9589965060854615,3.6513724695412395,False
2015-12-17 13:00:00,3.196882297064328,3.6513724695412395,False
2015-12-17 23:00:00,3.2922387751148543,3.6513724695412395,False
2015-12-18 09:00:00,2.9091410525148405,3.6513724695412395,False
2015-12-18 19:00:00,2.8590986202666056,3.6513724695412395,False
2015-12-19 05:00:00,2.876346844128693,3.6513724695412395,False
2015-12-19 15:00:00,2.88232836590196,3.6513724695412395,False
2015-12-20 01:00:00,2.9033747300835353,3.6513724695412395,False
2015-12-20 11:00:00,2.9786152736842446,3.6513724695412395,False
2015-12-20 21:00:00,2.8981599621036787,3.6513724695412395,False
2015-12-21 07:00:00,3.189126140515913,3.6513724695412395,False
2015-12-21 17:00:00,3.0956389279964776,3.6513724695412395,False
2015-12-22 03:00:00,2.9694230156767363,3.6513724695412395,False
2015-12-22 13:00:00,3.270783281287545,3.6513724695412395,False
2015-12-22 23:00:00,3.1731724303642346,3.6513724695412395,False
2015-12-23 09:00:00,3.3933202714672497,3.6513724695412395,False
2015-12-23 19:00:00,3.1238690018022552,3.6513724695412395,False
2015-12-24 05:00:00,3.016040793106372,3.6513724695412395,False
2015-12-24 15:00:00,3.0452443613419025,3.6513724695412395,False
2015-12-25 01:00:00,3.0149447838120627,3.6513724695412395,False
2015-12-25 11:00:00,3.0147496776056864,3.6513724695412395,False
2015-12-25 21:00:00,3.012103673421004,3.6513724695412395,False
2015-12-26 07:00:00,3.0957241090206837,3.6513724695412395,False
2015-12-26 17:00:00,3.127138058575725,3.6513724695412395,False
2015-12-27 03:00:00,3.058259174692765,3.6513724695412395,False
2015-12-27 13:00:00,3.091285541072471,3.6513724695412395,False
2015-12-27 23:00:00,3.420266639561638,3.6513724695412395,False
2015-12-28 09:00:00,3.3866508086087066,3.6513724695412395,False
2015-12-28 19:00:00,3.0788243304382688,3.6513724695412395,False
2015-12-29 05:00:00,3.0935728005342695,3.6513724695412395,False
2015-12-29 15:00:00,3.117516755099142,3.6513724695412395,False
2015-12-30 01:00:00,3.110931011793309,3.6513724695412395,False
2015-12-30 11:00:00,3.183801913521135,3.6513724695412395,False
2015-12-30 21:00:00,3.177736354837752,3.6513724695412395,False
2015-12-31 07:00:00,3.136248569391338,3.6513724695412395,False
2015-12-31 17:00:00,4.22499800457031,3.6513724695412395,True
2016-01-01 03:00:00,5.821221706507955,3.6513724695412395,True
